symptom_cui,rid_caller,snomed_code,Terms,rid,Number of diseases
C0000727,328,9209005,Acute abdomen,547,1
C0000737,403,21522001,Abdominal pain,99,4
C0002962,429,194828000,Angina,9,23
C0002962,647,225566008,Ischemic chest pain,9,23
C0003078,362,16059006,Aniseikonia (disorder),584,1
C0003126,97,44169009,Loss of sense of smell,286,2
C0003564,637,44564008,Loss of voice,75,5
C0003580,497,301821009,Drug-induced apnea,668,1
C0003862,624,57676002,Joint pain,285,2
C0004134,364,20262006,Ataxia (finding),150,3
C0004158,703,58593005,Athetoid movement,32,8
C0004604,353,22913005,Dorsalgia,115,3
C0005409,245,111005008,Schistosomal pigment deposition,94,4
C0005687,122,54768000,Bladder distention (finding),563,1
C0005747,774,59026006,Blepharospasm (disorder),49,7
C0006625,420,238108007,Cachexia (finding),110,4
C0007758,566,85102008,Cerebellar ataxia,22,11
C0007940,1,5168000,Sporotrichotic chancre,183,3
C0007942,102,42849000,Trypanosomal chancre,83,4
C0007943,161,63808004,Tuberculous chancre,165,3
C0008031,396,29857009,Chest pain,86,4
C0008035,94,102588006,Chest wall pain (finding),808,1
C0009024,78,36649002,Clonus,757,1
C0009193,547,34789001,Pain in the coccyx,212,2
C0009806,177,14760008,Constipation (disorder),17,12
C0010200,762,272039006,C/O - cough,268,2
C0010520,671,119419001,Cyanosis of skin,52,6
C0011991,386,267060006,Diarrhea symptom,5,39
C0011991,489,398032003,Loose stool,5,39
C0012766,700,80910005,Skin sensation disturbance,53,6
C0013196,530,110990003,Drug pigmentation,50,7
C0013395,392,162031009,Indigestion (finding),616,1
C0013404,244,230145002,Difficulty breathing,196,2
C0013421,778,250068003,Dystonia (finding),465,1
C0013911,537,371597004,Emaciated,510,1
C0014034,11,5862001,Mucous membrane eruption,601,1
C0014394,65,207171001,[D]Enuresis NOS,152,3
C0014394,66,154929003,Enuresis (& [bedwetting]),152,3
C0014394,278,274255006,[D]Enuresis,152,3
C0014394,279,158470001,Enuresis [D],152,3
C0015644,522,82470000,Muscle fasciculation,741,1
C0016205,138,271832001,"Flatulence, eructation and gas pain",764,1
C0016382,805,271811009,Face goes red,164,3
C0017672,584,30731004,Glossodynia (disorder),104,4
C0018681,156,25064002,Headache (finding),4,59
C0018933,826,90053006,Hematocolpometra,691,1
C0018991,293,50582007,Hemiplegia (disorder),24,11
C0019079,823,6686005,Blood streaked sputum,346,2
C0019209,271,80515008,Large liver,220,2
C0019214,757,36760000,Hepatosplenomegaly,549,1
C0020440,510,29596007,Hypercapnia (disorder),66,5
C0020450,505,14094001,Hyperemesis gravidarum,55,6
C0020453,710,14151009,Hyperesthesia (finding),583,1
C0020530,661,79280005,Hypersomnia with sleep apnea,213,2
C0020639,387,8900005,Hypoproteinemia (disorder),171,3
C0023222,801,10601006,Pain in lower limb (finding),297,2
C0024031,515,279039007,Low back pain,109,4
C0025287,388,70784009,Meningeal irritation,492,1
C0025587,500,10085004,Metatarsalgia (finding),312,2
C0026821,730,55300003,Cramp (finding),713,1
C0026825,76,186611004,Flaccidity - muscle,652,1
C0026825,728,397488002,Flaccidity,652,1
C0026826,615,56731001,Increased muscle tone,719,1
C0026826,731,41581000,Muscular hypertonicity,719,1
C0026827,79,398151007,Decreased muscle tone,722,1
C0026827,501,398152000,Poor muscle tone,722,1
C0026838,534,221360009,Spasticity,216,2
C0027066,241,127324008,Myoclonic disorder,7,29
C0027424,167,68235000,Nasal congestion,321,2
C0027497,345,422587007,Nausea (finding),514,1
C0027498,400,16932000,Nausea and vomiting (disorder),277,2
C0027796,430,247398009,Neuropathic pain,13,16
C0028961,147,83128009,Oliguria (finding),345,2
C0028962,148,271845002,Oliguria and anuria,626,1
C0029089,737,16110005,Ophthalmoplegia (disorder),23,11
C0029537,421,207583009,[X]Other chest pain,395,1
C0029625,482,206800006,[D]Other general symptoms NOS,132,3
C0029625,483,158177009,[D]Other general symptoms,132,3
C0029844,697,193696000,Other specified visual disturbance NOS,147,3
C0029844,698,193694002,Other specified visual disturbance,147,3
C0030193,411,22253000,Pain (finding),2,136
C0030201,186,213299007,Postoperative pain,546,1
C0030214,95,9366002,Palatal myoclonus,65,5
C0030218,89,129583005,Paralysis of palate,573,1
C0030232,360,398979000,Pale complexion,34,8
C0030554,690,91019004,Paresthesia (finding),565,1
C0032617,687,56574000,Polyuric state,120,3
C0032781,300,75803007,Posterior rhinorrhea (disorder),550,1
C0033774,350,279333002,Pruritus of skin,8,26
C0033774,684,418363000,Itching of skin,8,26
C0033774,685,424492005,Itch of skin,8,26
C0033775,668,90446007,Pruritus ani,671,1
C0033776,473,239102001,Pruritus of pregnancy,215,2
C0033777,19,267802000,Pruritus of genital organs,419,1
C0033778,644,67882000,Pruritus of vulva,705,1
C0034880,471,194399009,Loudness recruitment,299,2
C0034886,335,77880009,Rectal pain (finding),497,1
C0034933,109,46670006,Abnormal reflex,167,3
C0036396,194,23056005,Sciatica (disorder),39,7
C0036572,561,91175000,Seizure,1,169
C0037088,594,404684003,Clinical finding,617,1
C0037317,136,53888004,Disturbance in sleep behavior,88,4
C0037763,61,45352006,Spasm (finding),28,10
C0037771,513,312444006,Spastic paraparesis,471,1
C0038187,221,212968006,Starvation (disorder),67,5
C0038450,552,70407001,Stridor (finding),423,1
C0038605,520,10165000,Subungual hyperkeratosis,121,3
C0039070,17,272030005,Syncope symptom,21,12
C0039070,222,309585006,Syncope and collapse,21,12
C0039591,398,63901009,Pain in testicle (finding),755,1
C0040460,766,27355003,Toothache (finding),260,2
C0040485,149,270476009,Wry neck/torticollis,69,5
C0040822,456,26079004,Tremor (finding),718,1
C0041834,618,444827008,Erythema of skin,3,89
C0041834,830,86735004,Erythematous condition,3,89
C0042256,412,34363003,Pruritus of vagina,335,2
C0042571,304,399090003,Subjective vertigo,20,12
C0042755,219,15160007,Virilization (finding),68,5
C0042818,782,7751009,Visual discomfort,140,3
C0042963,242,300359004,Finding of vomiting,12,16
C0042963,342,249497008,Vomiting symptom,12,16
C0085383,729,61031008,Hypocapnia (disorder),229,2
C0085620,285,39157001,Flaccid paralysis,431,1
C0085641,723,48055004,Pustular rash (morphologic abnormality),46,7
C0085688,151,49746001,Engorgement of breasts,302,2
C0086437,479,298181000,Range of joint movement increased,495,1
C0086437,708,298203008,Joint laxity,495,1
C0087169,763,88069000,Withdrawal sign or symptom,265,2
C0149651,751,367004,Clubbing (morphologic abnormality),233,2
C0149696,73,235719002,Food intolerance,182,3
C0149741,474,54302000,Discharge from nipple,369,1
C0149741,704,162164007,Nipple discharge symptom,369,1
C0149751,67,300513000,Lesion of penis,653,1
C0149793,43,88032003,Amaurosis fugax,79,4
C0150044,361,129853007,Total urinary incontinence (finding),509,1
C0150045,771,87557004,Urge incontinence of urine,762,1
C0151205,96,49563000,Periorbital edema,122,3
C0151726,828,95378001,Injection site hypersensitivity,721,1
C0151791,450,2919008,"Nausea, vomiting and diarrhea",396,1
C0151818,672,8652009,Opisthotonus (finding),765,1
C0151825,435,12584003,Bone pain (finding),272,2
C0151828,528,95388000,Injection site pain,606,1
C0151908,472,16386004,Dry skin (finding),784,1
C0152029,339,82297005,Congestion of nasal sinus,85,4
C0152030,570,367466007,Skin irritation,188,3
C0152031,296,271771009,Joint swelling,410,1
C0152116,99,74333002,Spasmodic torticollis (disorder),108,4
C0152165,357,332982000,Uncontrollable vomiting,175,3
C0152228,297,22181003,Diplacusis,270,2
C0155001,652,78455002,Subjective visual disturbance,45,7
C0155002,249,15203004,Sudden visual loss,676,1
C0155004,676,69456008,Visual distortions of shape AND/OR size,118,3
C0155047,171,68114006,Unqualified visual loss of both eyes,499,1
C0155047,286,193730000,"Visual loss, both eyes unqualified",499,1
C0155066,465,73000008,Unqualified visual loss of one eye,498,1
C0155066,794,193754005,"Visual loss, one eye, unqualified",498,1
C0155204,820,193948003,Lid retraction &/or lag,554,1
C0155227,701,71654004,Dacryops,760,1
C0155344,565,4275001,Spasm of conjugate gaze,129,3
C0155347,413,58244001,Anomaly of divergence,305,2
C0155382,487,194176002,Smooth pursuit movement deficiency,358,1
C0155382,719,34406007,Deficiency of smooth pursuit movements,358,1
C0155536,466,20364005,Paracusis (disorder),539,1
C0156308,629,198035003,Edema of penis,144,3
C0156317,712,198068005,Edema of male genital organs,666,1
C0156324,184,198568003,[X]Other signs and symptoms in breast,239,2
C0157725,2,201023009,Other specified pruritic conditions (disorder),58,6
C0158157,605,156579009,Joint effusion of other specified site,637,1
C0158369,724,80068009,Swelling of limb (finding),566,1
C0159034,648,442413005,Transient monoplegia,658,1
C0159040,796,274672009,Changes in skin texture,247,2
C0159055,198,158409004,"[D]Swelling, mass or lump of chest NOS",485,1
C0159055,634,158405005,"[D]Swelling, mass and lump of chest",485,1
C0162298,137,84445001,Joint stiffness,661,1
C0175848,372,3200003,Sacrocoxalgia,451,1
C0178422,447,102551008,Cramp in foot,332,2
C0221150,393,30233002,Swallowing painful,608,1
C0221151,314,8579004,Projectile vomiting (disorder),782,1
C0221154,204,23130000,Paroxysmal hypertension,186,3
C0221166,25,1845001,Paraparesis (disorder),262,2
C0221169,677,66637005,Hemiballism (disorder),199,2
C0221201,836,271756005,Macular eruption,97,4
C0221226,274,111294009,Distended umbilical veins,482,1
C0221232,323,247472004,Weal,54,6
C0221261,180,66270006,Koilonychia,74,5
C0221727,381,102619001,Pain in esophagus,404,1
C0221776,259,102616008,Painful mouth,540,1
C0231246,4,36440009,Failure to gain weight (finding),790,1
C0231385,123,14150005,Alteration in comfort: chronic pain,553,1
C0231438,142,10379002,Musculoskeletal hypomobility,807,1
C0231440,260,67759008,Musculoskeletal immobility,556,1
C0231514,401,34714000,Local spasm,453,1
C0231528,484,68962001,Muscle pain,319,2
C0231529,187,21545007,Tenalgia,612,1
C0231530,238,60238002,Muscle twitch (finding),739,1
C0231532,567,37864005,Subsultus tendinum,787,1
C0231612,548,76807004,Cervicobrachialgia,393,1
C0231613,170,330007,Occipital headache,450,1
C0231623,189,35496009,Femoral neuralgia,143,3
C0231654,144,59678008,Popeye sign,445,1
C0231668,544,111959008,Drummers' palsy,806,1
C0231753,234,1126007,Knee locking,528,1
C0231785,158,75140002,Carpopedal spasm,461,1
C0231796,91,158370002,[D]Respiratory abnormalities,690,1
C0231796,738,158381004,[D]Respiratory abnormalities NOS,690,1
C0231835,351,271823003,Tachypnea (finding),330,2
C0232082,833,79032000,Paradoxical diaphragmatic movement,430,1
C0232083,120,90674006,Diaphragmatic tic,444,1
C0232119,545,29036000,Pulsus trigeminus (finding),779,1
C0232130,162,45907000,Labile pulse,623,1
C0232199,498,46220003,Tic-tac rhythm,694,1
C0232209,445,81681009,Junctional premature beats,657,1
C0232373,92,11975007,Paroxysmal vascular dilatation,680,1
C0232476,693,22114000,Absent peristalsis,645,1
C0232488,721,73063007,Colicky pain,284,2
C0232491,603,111985007,Chronic abdominal pain,516,1
C0232503,305,275359008,Umbilical hemorrhage,696,1
C0232503,840,78349008,Umbilical bleeding,696,1
C0232520,216,88275004,Absent deglutition (finding),670,1
C0232536,414,5805002,Bolus impaction,810,1
C0232593,621,77293007,Hypertensive spasm of cardiac sphincter,421,1
C0232597,195,23971007,Acute vomiting,769,1
C0232598,306,63722008,Chronic vomiting,731,1
C0232719,457,45325001,Hyperactive rectosigmoid junction,732,1
C0232847,115,18886003,Primary enuresis,417,1
C0232857,798,43227005,Psychic dysuria,635,1
C0232955,600,33350003,Menouria,361,1
C0232959,214,162494006,Symptom occurs premenstrually,711,1
C0232959,523,10885003,Premenstrual symptom,711,1
C0232960,681,14272003,Premenstrual swelling,580,1
C0232968,394,68811000,Menopausal problem,643,1
C0232978,799,69848004,Spermatoschesis,595,1
C0232979,488,31211008,Spermatemphraxis,398,1
C0232982,139,41867009,Complete spermatogenic arrest,326,2
C0232983,379,52749004,Incomplete spermatogenic arrest,336,2
C0233138,559,23508005,"Uterine incoordination, first degree",587,1
C0233179,178,106111002,Clinical sign related to pregnancy,795,1
C0233193,562,43673002,Fetal souffle,659,1
C0233200,68,35187000,Cullen's sign,663,1
C0233389,446,9295009,Subinvolution of breast,692,1
C0233390,467,198125007,"Breast subinvolution, postpartum",254,2
C0233390,691,31834007,Postpartum subinvolution of breast,254,2
C0233509,208,59445005,Mood hypersomnia,777,1
C0233763,235,64269007,Visual hallucinations,520,1
C0233769,267,421801003,Micropsia (disorder),125,3
C0233973,821,8034008,Painful penile erection,253,2
C0234038,658,23285006,Painful sexual act of male,426,1
C0234131,610,52559000,Motor dysfunction,90,4
C0234248,765,42561004,Reminiscent neuralgia,439,1
C0234357,108,61691009,Adiadochokinesia,688,1
C0234362,524,54685005,Synkinesis (finding),748,1
C0234363,525,76628006,Post-hemiplegic chorea,317,2
C0234369,317,267079009,Trembles,717,1
C0234370,787,45233003,Persistent tremor,749,1
C0234371,837,40290000,Continuous tremor,636,1
C0234372,12,36637003,Intermittent tremor,648,1
C0234373,581,42800007,Fine tremor,740,1
C0234374,752,78261002,Coarse tremor,695,1
C0234375,611,27369003,Massive tremor,655,1
C0234377,822,41846009,Passive tremor,568,1
C0234378,318,56610005,Static tremor,315,2
C0234379,164,25082004,Resting tremor,701,1
C0234428,397,3006004,Disturbance of consciousness,674,1
C0234542,686,57935008,Epileptic aura,754,1
C0234544,3,66264000,Todd's paresis,478,1
C0234660,619,55758001,Eyes tire easily,390,1
C0234664,26,89893000,Lid lag,513,1
C0234705,678,46183008,Spherical aberration of vision,487,1
C0234706,217,87537003,Chromatic aberration of vision,235,2
C0234757,579,51568001,Brain stem vertigo,699,1
C0234861,630,42712003,Cri du chat,651,1
C0234862,62,66966006,Cry of Down's syndrome,466,1
C0234943,742,95373005,Application site anesthesia,496,1
C0234979,732,23133003,Dysdiadochokinesis,770,1
C0235031,382,267070008,Nervous system symptoms,356,1
C0235031,383,308921004,Neurological symptom,356,1
C0235068,50,2228002,Scintillating scotoma,642,1
C0235242,568,31457007,Effort syncope,778,1
C0235267,287,75705005,Red eye,288,2
C0235477,511,195103000,Bigeminal pulse (finding),673,1
C0235568,694,41851003,Bronchorrhea,611,1
C0235777,209,95617006,Neonatal cyanosis,293,2
C0235778,768,95630007,Neonatal dyskinesia,684,1
C0235808,679,430968008,Pain in male perineum,503,1
C0235980,175,95798008,Scleral discoloration,131,3
C0236065,741,9067002,Edema of oral soft tissues,81,4
C0236075,507,21801002,Menopausal symptom,474,1
C0236078,783,20502007,Pain in scrotum (finding),594,1
C0238532,153,56446007,Scaphoid abdomen,371,1
C0238637,612,68653001,Anal pain (finding),230,2
C0239340,599,102572006,Edema of lower extremity,809,1
C0239739,715,11114002,Sore gums,334,2
C0239779,223,39960009,Grimaces,251,2
C0240007,319,281398003,Groin mass,310,2
C0240273,516,300942003,Tender lymph node,375,1
C0240608,824,63757006,Osler's node,170,3
C0240715,190,300569009,Perineal lump (finding),60,6
C0240812,536,36729000,Prostatic pain (finding),443,1
C0240920,645,47381006,Saber shin,309,2
C0240941,813,275921007,Scalp itchy,211,2
C0241165,125,17417006,Thickening of skin,149,3
C0241426,145,399044006,Glossopyrosis (disorder),180,3
C0241439,739,95527007,Paresthesia of tongue,698,1
C0241457,366,109594002,Tooth sensitivity to cold,313,2
C0241462,689,109593008,Tooth sensitivity to heat,283,2
C0241656,399,300507009,Vas deferens tender,791,1
C0241709,346,289496000,Burning sensation of vulva,537,1
C0241902,606,62085005,Grunting respiration (finding),602,1
C0242429,521,162397003,Pain in throat,82,4
C0242429,642,267102003,Sore throat symptom,82,4
C0242453,716,11441004,Prostatism (disorder),781,1
C0242706,569,238158000,Hyperoxia (disorder),772,1
C0259813,88,61683000,Drop attack,156,3
C0262977,282,23267004,Achromia of skin (disorder),107,4
C0263355,625,65036008,Erythema scarlatiniforme,459,1
C0263531,311,82144009,Lamellar nail splitting,223,2
C0263534,275,44087005,Beau's lines,280,2
C0263538,577,4373005,Clubbing of nail (disorder),95,4
C0263540,538,22743000,Onychomadesis,348,2
C0263571,775,111208003,Melasma gravidarum,205,2
C0263634,613,31825002,Abnormal granulation tissue,146,3
C0264272,265,14310000,Purulent nasal discharge,36,8
C0264272,582,8442000,Purulent rhinitis,36,8
C0264274,526,64611009,Catarrhal nasal discharge,228,2
C0264345,354,46802002,Smokers' cough,117,3
C0264588,597,29003001,Spastic dysphonia,87,4
C0264599,273,23187009,Aphonia paralytica,438,1
C0264601,468,5208008,Flaccid dysphonia,258,2
C0264602,662,62904009,Spastic pseudobulbar dysphonia,206,2
C0264609,315,25947003,Dysphonia of organic tremor,303,2
C0266952,554,34570004,Loosening of tooth (disorder),290,2
C0266996,831,90377008,Sialectasia,201,2
C0267028,560,36269003,Cheilodynia (disorder),340,2
C0267633,263,29874009,Appendiceal colic,342,2
C0267633,695,196791007,Appendicular colic,342,2
C0268988,557,69069001,Pruritus of penis,162,3
C0269671,191,77376005,Gestational edema without hypertension,712,1
C0270261,601,78913002,Edema of newborn,217,2
C0270274,541,48000002,Vomiting in newborn,318,2
C0270697,105,398987004,Headache following lumbar puncture,730,1
C0270777,604,65605001,Edema of spinal cord,157,3
C0270795,804,79520009,Monoparesis (disorder),467,1
C0270844,827,51887003,Tonic seizure,660,1
C0271050,733,28391008,Localized retinal edema,437,1
C0271052,784,54388004,Peripheral retinal edema,579,1
C0271186,735,75364009,Refractive diplopia,240,2
C0271190,343,50446000,Monocular diplopia,273,2
C0271234,31,70556002,Impairment level: low vision of both eyes,76,5
C0271234,542,193722001,"Low vision, both eyes",76,5
C0271276,838,91570002,Stahli's line,350,2
C0271397,86,68354003,Pseudoophthalmoplegia (disorder),481,1
C0271404,196,50801008,Vitreous cavitation,800,1
C0271412,358,26322001,Bleeding from ear,78,4
C0274369,333,79608006,"Pain due to any device, implant AND/OR graft",389,1
C0277799,653,77957000,Intermittent fever,525,1
C0277820,159,2581006,Clasp knife like increase in tone,473,1
C0277938,453,9368001,Circumoral rhytides,686,1
C0277941,261,4470009,Blanching of skin (finding),557,1
C0277943,218,71718006,Puffiness of skin,656,1
C0277952,780,43433004,Change in nail appearance,545,1
C0277962,140,67299005,Auspitz's sign,737,1
C0277986,809,70346000,Gingival edema,689,1
C0278021,797,11033009,Courvoisier's sign,541,1
C0278053,492,62917007,Abnormal vaginal odor,555,1
C0278107,329,50818007,Painful ejaculation (finding),507,1
C0278118,626,89437009,Cerebral paraparesis,490,1
C0278119,793,23042008,Spinal paraparesis,427,1
C0278125,160,87934002,Crossed extensor reflex,483,1
C0278134,210,33653009,Absence of sensation (finding),304,2
C0278147,654,11679003,Radicular pain,259,2
C0278225,152,89871005,Rosenbach's sign,788,1
C0278230,814,399858007,Retina finding,385,1
C0281856,384,82991003,Generalized aches and pains (finding),210,2
C0302310,402,277793006,Familial annular erythema,176,3
C0311222,743,387638003,Painful swelling of joint,281,2
C0312416,418,51885006,Morning sickness,289,2
C0314719,121,162290004,Dry eyes,501,1
C0314719,336,1249004,Dry eye,501,1
C0332573,373,112629002,Macule (morphologic abnormality),73,5
C0333228,478,107666005,Fluid disturbance,411,1
C0333240,436,40829002,Acute edema,25,11
C0333243,224,284521000,Pitting edema,570,1
C0333249,59,45872006,Subepidermal edema,413,1
C0333252,377,59909002,Hard edema,61,5
C0333255,458,17201003,Spillage of feces,736,1
C0333422,80,67103005,Gummatous inflammation (morphologic abnormality),37,8
C0339142,124,267655008,Exophthalmos due to orbital edema or congestion,628,1
C0339205,555,231887005,Total scleral ectasia,494,1
C0339249,806,267637004,Corneal pigmentations and deposits,92,4
C0339250,211,231912007,Melanin pigmentation of cornea,306,2
C0339251,441,231913002,Blood pigmentation of cornea,241,2
C0339257,424,231918006,Chalcosis of cornea,746,1
C0339667,699,232124002,Voluntary nystagmus,234,2
C0339693,81,232146005,Internal ophthalmoplegia,119,3
C0339780,443,232286009,Syncopal vertigo,629,1
C0340979,527,190814002,Cryoglobulinemic purpura,352,2
C0341865,627,198438009,Menopausal headache,179,3
C0341866,475,198437004,Menopausal sleeplessness,362,1
C0341961,268,237286004,Vulval varices in pregnancy,135,3
C0343211,146,239949003,Polyalgia,181,3
C0343239,531,240080003,Benign congenital hypotonia (disorder),163,3
C0343494,157,64314006,Risus sardonicus,435,1
C0343731,154,240598006,Penile warts,103,4
C0344239,481,246758003,Mixed nystagmus,515,1
C0344240,454,246759006,Irregular nystagmus,232,2
C0344242,769,246761002,Uniocular nystagmus,672,1
C0344244,572,246762009,Gaze paretic nystagmus,266,2
C0344246,502,246764005,Postural nystagmus,322,2
C0344306,23,247389006,Intercostal neuralgia,98,4
C0344374,586,162106006,Spurious diarrhea - overflow,406,1
C0345246,389,67015007,Abnormal large bowel motility,560,1
C0348588,174,195541002,[X]Other forms of angina pectoris,15,14
C0349681,256,278465006,Spontaneous nystagmus,224,2
C0349683,225,278466007,Body positional nystagmus,255,2
C0349684,349,278467003,Neck positional nystagmus,697,1
C0362036,49,206710005,[D]Coma &/or [D]stupor,500,1
C0362036,574,206717008,[D]Coma and stupor NOS,500,1
C0362036,795,158119002,[D]Coma and stupor,500,1
C0375546,246,158339005,"[D]Heart murmur, undiagnosed",511,1
C0391860,587,103626005,Diffuse inflammation,27,11
C0392071,40,74117008,Prostatorrhea,344,2
C0392513,607,48026007,Inanition (disorder),599,1
C0392674,253,60119000,Exhaustion,296,2
C0392678,713,399122003,Swallowing problem,703,1
C0393588,52,230310003,Paroxysmal dystonia,89,4
C0393610,38,230332007,Diurnal dystonia,249,2
C0393757,628,192005001,Other sleep stage or arousal dysfunction,475,1
C0393766,781,230491004,Postviral excessive daytime sleepiness,543,1
C0393775,491,230497000,Sleep-related head banging,460,1
C0393903,480,230654000,Painful legs and moving toes,100,4
C0393916,192,279053007,Sympathetically maintained pain,710,1
C0395923,280,232289002,Multisensory dizziness,231,2
C0395959,56,232322006,Tinnitus of vascular origin,357,1
C0399411,188,196318002,Teeth staining due to drugs,339,2
C0399459,326,279083003,Discomfort in mouth,341,2
C0399590,172,235130007,Drug-induced xerostomia,535,1
C0399591,754,196519006,Sublingual sialectasia,600,1
C0401020,290,235993005,Intra-abdominal collection,148,3
C0401149,39,236069009,Chronic constipation,522,1
C0401155,53,78459008,Double incontinence (finding),333,2
C0401157,459,236083006,Intermittent vomiting,320,2
C0401158,20,197130009,Vomiting after gastrointestinal tract surgery,415,1
C0403568,324,236554001,Pain during inflow of dialysate,237,2
C0403569,179,236555000,Pain during outflow of dialysate,307,2
C0404484,790,237067000,Chronic pelvic pain of female,367,1
C0404561,758,198439001,Menopausal concentration lack,531,1
C0405064,753,237284001,Symptomatic disorders in pregnancy,145,3
C0405326,649,237357004,Vascular engorgement of breast,669,1
C0405495,390,237477007,Pain from breast implant,532,1
C0405584,714,190753003,Sucrose intolerance,768,1
C0406146,638,238425003,Meningococcal rash,189,3
C0406216,791,238526000,Juvenile spring eruption,360,1
C0406218,27,238527009,Persistent light reaction,161,3
C0406219,785,238528004,Actinic reaction,576,1
C0406399,57,201268009,Urticaria geographica,203,2
C0406400,32,201269001,Menstrual urticaria,324,2
C0406401,266,201270000,Urticaria persistans,729,1
C0406402,595,238684007,Erythema fugax,575,1
C0406403,476,238686009,Delayed dermographism,222,2
C0406404,575,238688005,Cold reflex urticaria,194,2
C0406405,422,238689002,Delayed cold sensitivity,221,2
C0406406,509,238690006,Persisting cholinergic urticaria,256,2
C0406407,239,238691005,Cholinergic pruritus,308,2
C0406408,460,238693008,Reflex urticaria,338,2
C0406411,22,238697009,Immune complex urticaria,44,7
C0406548,553,134193000,Stellate pseudoscar,72,5
C0406569,683,238851009,"Extensive congenital erosions, vesicles and reticulate scarring",142,3
C0406671,759,238969001,Burning scrotum,93,4
C0406881,789,239215004,Pain from tissue expander,294,2
C0409557,337,277138006,Rubella arthralgia,282,2
C0410577,205,267986004,Other back symptoms (disorder),399,1
C0410919,508,240299002,Fetal bradycardia,488,1
C0410921,596,206561003,Other newborn abnormal cerebral signs,582,1
C0422943,206,162274004,Visual symptoms,384,1
C0423006,21,18628002,Discharge of eye,173,3
C0423075,631,246751009,Incomitant esophoria (disorder),314,2
C0423178,395,246871006,Bitot's spots,610,1
C0423386,212,27838008,Retinal arteries silverwire,814,1
C0423610,128,162143008,Pain in female genitalia,292,2
C0423630,258,162388002,Has a sore throat,457,1
C0423649,301,162040008,Abdominal migraine - symptom,530,1
C0423683,444,267067009,Lumbar ache - renal,621,1
C0423686,103,61486003,Sacral back pain,771,1
C0423707,462,247385000,Lateral femoral cutaneous neuralgia,105,4
C0423708,185,247386004,Obturator neuralgia,101,4
C0423709,292,247387008,Cruralgia,113,4
C0423710,423,247388003,Segmental peripheral neuralgia,192,3
C0423713,639,247393000,Ilioinguinal nerve neuralgia,48,7
C0423714,571,247395007,Genitofemoral nerve neuralgia,59,6
C0423715,517,247396008,Testicular neuralgia,187,3
C0423717,63,279058003,Neurogenic pain,248,2
C0423720,173,247399001,Pseudothalamic pain,548,1
C0423721,110,247400008,Painful arms and moving fingers,136,3
C0423735,810,6744007,Painful bladder spasm,725,1
C0423746,776,279056004,Pain on penetration,447,1
C0423812,779,247492006,Nail shedding,489,1
C0423813,277,247493001,Splits in nails,597,1
C0423818,165,247498005,Grooving of nail,682,1
C0423823,452,63829008,Thin nails,633,1
C0424071,240,247733004,Unformed visual hallucinations,386,1
C0424072,338,247734005,Formed visual hallucinations,493,1
C0424275,347,247951006,Reaction to sudden wakening,630,1
C0424284,558,247962006,Sleep automatism,91,4
C0424359,818,248054003,Self-neglect,440,1
C0424489,155,402294001,Chapping of lips,200,2
C0424489,802,248182008,Cracked lips,200,2
C0424535,549,248229009,Vasovagal symptom,372,1
C0424853,13,248521008,Lump on finger,96,4
C0425665,705,248711003,Prominent leg veins - symptom,402,1
C0425791,119,87386002,Peau d'orange surface of breast,204,2
C0426317,640,267062003,Genitourinary symptoms,400,1
C0426390,666,249297006,Spasm of bladder,574,1
C0426471,669,249369003,Sinus catarrh,677,1
C0426487,437,162009001,Mouth symptoms,424,1
C0426576,841,267045008,Gastrointestinal symptom,238,2
C0426579,451,249468005,Anorexia symptom (finding),226,2
C0426583,199,269813009,Appetite loss - anorexia,505,1
C0426601,70,267048005,Swallowing symptoms,742,1
C0426633,707,139295001,Indigestion symptoms,452,1
C0426633,803,139303002,Indigestion symptom NOS,452,1
C0426649,213,249531009,Bowel spasm,77,4
C0426769,755,249652007,Anal twitching,647,1
C0426785,181,202767003,Intermittent torticollis,278,2
C0427055,352,95666008,Weakness of face muscles,763,1
C0427086,5,267078001,Involuntary movement,64,5
C0427086,643,162227008,Involuntary movement symptom,64,5
C0427201,113,250075002,Floppy muscles,536,1
C0427202,248,19532005,Muscle tone atonic,598,1
C0429955,37,165230005,Bowels: occasional accident,397,1
C0438432,706,193672005,Angioscotoma,366,1
C0438434,93,129625005,Ring scotoma,654,1
C0439029,106,272033007,Deafness symptom,753,1
C0451632,90,279073002,Sore nostril,640,1
C0451633,696,279072007,Sore lip (finding),609,1
C0451941,71,65645005,Scrotal pruritus,133,3
C0452143,711,192966000,Flaccid paraplegia,604,1
C0454542,425,229631007,Acquired stammering,758,1
C0454605,808,229693007,Oral choreiform movement,607,1
C0456073,664,276619008,Neonatal facial petechiae,158,3
C0456074,69,276620002,Traumatic neonatal facial cyanosis,153,3
C0456122,334,276697006,Harlequin change,178,3
C0456495,792,277172003,Erythematous ear canal,382,1
C0456800,406,277490005,Secondary endolymphatic hydrops,257,2
C0458087,269,279001004,Pain finding at anatomical site,815,1
C0458090,330,279004007,Ureteric neuromuscular incoordination,274,2
C0458166,834,279047007,Persistent pain following procedure,412,1
C0458171,327,279052002,Sympathetically independent pain,588,1
C0458221,580,279060001,Unilateral shortlasting neuralgiform pain with conjunctival injection and tearing syndrome,700,1
C0458232,659,202487003,Sacroiliac joint pain,418,1
C0458242,281,279070004,Muscle tension pain,786,1
C0458959,74,279980002,Peripheral neurogenic pain,472,1
C0458960,556,279981003,Peripheral neuropathic pain,464,1
C0472514,100,232411006,Edema of uvula,191,3
C0473129,294,197132001,Diarrhea after gastrointestinal tract surgery,405,1
C0473131,307,236075000,Diarrhea due to ingestion of unabsorbable substances,331,2
C0473136,233,236080009,Neuromyopathic fecal incontinence,422,1
C0473137,641,236081008,Congenital fecal incontinence,391,1
C0473234,734,197939009,Painful hematuria,441,1
C0473312,6,266595006,Leukorrhoea unspecified,797,1
C0473312,748,266595006,Leukorrhea unspecified,797,1
C0473563,44,238824006,Paroxysmal hematoma of the finger,311,2
C0474344,283,246925003,Vascularization of cornea,214,2
C0474500,744,439158007,Fecal fluid leakage,468,1
C0476206,503,271789005,Dizziness and giddiness,127,3
C0476209,14,158156006,[D]Sleep rhythm irregular,605,1
C0476211,591,441877007,Sleep dysfunction with sleep stage disturbance,479,1
C0476212,563,442176004,Sleep dysfunction with arousal disturbance,664,1
C0476217,825,271799000,Head movements abnormal,649,1
C0476228,51,206887007,"[D]Local superficial swelling, mass or lump NOS",138,3
C0476228,264,158235001,"[D]Local superficial swelling, mass or lump",138,3
C0476232,84,158248002,[D]Jaundice (not of newborn),71,5
C0476232,182,158251009,[D]Jaundice (not of newborn) NOS,71,5
C0476240,64,274626005,Physiological development failure,517,1
C0476267,499,207023003,[D]Widespread diabetic foot gangrene,665,1
C0476273,655,271825005,Respiratory distress (finding),160,3
C0476293,220,158492002,[D]Urinary system symptoms NOS,581,1
C0476293,650,158456001,[D]Urinary system symptoms,581,1
C0476303,169,158493007,[D]Extrarenal uraemia,364,1
C0476303,815,158493007,[D]Extrarenal uremia,364,1
C0476481,717,274665008,Chronic intractable pain,785,1
C0478145,116,207618002,[X]Other and unspecified symbolic dysfunctions,57,6
C0478145,764,206983005,[D]Other symbolic dysfunction,57,6
C0478148,426,207621000,[X]Other chronic pain,714,1
C0478662,514,274660003,Slowness and poor responsiveness,458,1
C0494475,230,54200006,Tonic-clonic seizure,207,2
C0494475,663,65155005,Grand mal seizure,207,2
C0497456,226,289885003,Menstruation absent,506,1
C0497481,54,285375003,Pain in penis (finding),745,1
C0520559,163,95528002,Numbness of tongue,632,1
C0520586,114,46500003,Dryness of vulva,534,1
C0520588,438,37488003,Vulvovaginal pain,414,1
C0520589,449,58635009,Vulvovaginal dryness,789,1
C0520821,9,34288008,Pleurothotonus,702,1
C0520822,760,83029003,Wrist clonus,524,1
C0520904,45,64581007,Postoperative nausea,801,1
C0520905,408,72245005,Postoperative vomiting,586,1
C0520966,588,302289002,Coordination problem,19,12
C0521160,512,36639000,Psoriasiform rash,767,1
C0521516,725,95415006,Polymyalgia,159,3
C0521532,504,95438009,Diaphragmatic paresis,813,1
C0521588,200,95521008,Abnormal jaw movement,502,1
C0521591,254,95524000,Oral paresthesia,811,1
C0521592,656,95525004,Oral hypoesthesia,562,1
C0521628,673,95590003,Pruritus of male genital organs,733,1
C0521629,312,95591004,Leukoplakia of male genital organs,225,2
C0521632,308,371584001,Irritation of penis,802,1
C0521635,262,95597000,Leukoplakia of female genital organs,533,1
C0521651,98,95629002,Excessive crying of newborn,504,1
C0521663,243,95651005,Chronic progressive paraparesis,456,1
C0521668,415,95660002,Thunderclap headache,295,2
C0521671,231,95667004,Unilateral facial paresis,383,1
C0521762,374,95788002,"Positional nystagmus, variable eye direction",526,1
C0521763,257,95789005,Nystagmus produced by neck rotation,174,3
C0521764,667,95791002,Nystagmus enhanced when fixation removed,169,3
C0521765,129,95792009,Nystagmus unchanged when fixation removed,219,2
C0521766,589,95793004,Nystagmus inhibited when fixation removed,264,2
C0521788,247,95823003,Leudet's tinnitus,252,2
C0521800,692,95837007,Central cyanosis (disorder),250,2
C0521815,518,95861000,Vertigo preceded by head injury,387,1
C0522034,355,102557007,Arm claudication,796,1
C0522067,7,102626001,Liver pain (finding),716,1
C0522070,688,102630003,Pancreatic symptom,377,1
C0522071,302,102631004,Pancreatic pain,551,1
C0522337,816,103265000,Postbasic stare,388,1
C0522347,28,162403009,Ear pressure sensation,521,1
C0522347,236,103280006,Sensation of pressure in ear,521,1
C0522348,598,103281005,Sensation of blocked ears,747,1
C0522350,772,103283008,Vertigo associated with seizures,780,1
C0522364,367,103297000,Drug-induced vertigo,728,1
C0542134,24,302072004,Pain in thyroid,469,1
C0542354,320,370116005,Narrowing of palpebral fissure,709,1
C0547030,622,131182003,Visual alteration,30,9
C0555957,289,275887009,Scaly scalp,585,1
C0558143,111,3644009,Macerated skin,641,1
C0558161,602,200430001,Breastfeeding painful,378,1
C0558450,550,274247004,"[D]Weight, failure to gain, infant",359,1
C0558450,551,158279003,"Weight,fail to gain,infant [D]",359,1
C0558920,745,309576006,Lump on thigh,374,1
C0559537,117,281639001,Perineal irritation,408,1
C0559753,651,281862002,Daytime enuresis,618,1
C0560024,461,193967004,Swelling of eyelid (finding),776,1
C0560253,608,282360001,Persistent testicular pain,639,1
C0560609,134,282743009,Malignant bone pain,596,1
C0563234,788,285339000,Painful tooth socket,720,1
C0563608,368,285744009,Formed hallucinations of people,715,1
C0565618,369,288273009,Fetal distress - prelabor,744,1
C0565619,18,288274003,Fetal distress - in labor,518,1
C0566909,272,289479001,Inflammation of vulva,401,1
C0566948,33,289524006,Swelling of vagina,756,1
C0567493,15,290079000,Generalized tenderness of breast,620,1
C0567494,255,290080002,Localized tenderness of breast,793,1
C0567522,16,290111006,Purulent nipple discharge,646,1
C0574921,288,298138003,Micropapular weal,542,1
C0574922,506,298139006,Bullous weal,376,1
C0574925,463,298143005,Transverse split nail,379,1
C0574987,464,298207009,Shoulder joint laxity,446,1
C0574988,839,298208004,Elbow joint laxity,634,1
C0574989,633,298209007,Wrist joint laxity,799,1
C0574992,427,298212005,Finger joint laxity,706,1
C0574993,670,298213000,Thumb joint laxity,667,1
C0574994,807,298214006,Sacroiliac joint laxity,529,1
C0574998,767,298218009,Foot joint laxity,512,1
C0574999,682,298219001,Subtalar joint laxity,614,1
C0575000,77,298220007,Metatarsophalangeal joint laxity,683,1
C0575010,756,298231004,Temporomandibular joint stiff,650,1
C0575012,371,298234007,Cervical spine stiff,355,1
C0575018,746,298240000,Sacroiliac joint stiff,394,1
C0575020,75,298242008,Subtalar joint stiff,590,1
C0575045,583,298267006,Tendon sheath effusion,727,1
C0575047,646,298269009,Nodule on tendon,735,1
C0575048,101,298270005,Thickening of tendon sheath,403,1
C0575058,665,298281008,Upper facial weakness,564,1
C0575064,720,22166009,Skeletal muscle tender (finding),442,1
C0575081,34,22325002,Abnormal gait,327,2
C0575090,321,298313002,Problem with balance,752,1
C0575090,750,387603000,Impairment of balance,752,1
C0576137,431,299375006,Infrapatellar tenderness,578,1
C0576430,87,299676003,Excessive growth of facial hair,476,1
C0576431,777,299677007,Excessive growth of body hair,448,1
C0576433,800,299679005,Excessive growth of leg hair,724,1
C0576705,439,299952008,Pseudoathetosis,420,1
C0576837,104,300104005,Generalized tenderness in pinna,798,1
C0577294,313,300570005,Perianal lump,208,2
C0577560,250,300849006,Mass of eye structure,41,7
C0577560,786,45177002,Swelling of structure of eye,41,7
C0577561,252,300850006,Mass of ear structure,33,8
C0577562,183,300851005,Mass of respiratory structure,26,11
C0577563,207,300852003,Mass of cardiovascular structure,112,4
C0577564,35,300853008,Mass of lymphoreticular structure,63,5
C0577565,141,300854002,Mass of oral cavity,42,7
C0577566,135,300855001,Mass of digestive structure,11,22
C0577567,469,300856000,Mass of urogenital structure,759,1
C0577568,60,300857009,Mass of urinary system structure,172,3
C0577569,376,300858004,Mass of male genital structure,141,3
C0577570,592,300859007,Mass of female genital structure,43,7
C0577571,107,300860002,Mass of endocrine structure,723,1
C0577572,303,300861003,Mass of musculoskeletal structure,29,10
C0577573,365,300862005,Mass of body region,151,3
C0577585,722,300874009,Swelling of ear structure,462,1
C0577591,702,300881002,Swelling of urological structure,751,1
C0577595,298,300887003,Swelling of musculoskeletal structure,433,1
C0577655,150,300948004,Quadriceps weakness,693,1
C0578046,176,301356002,Maxillary sinus pain,704,1
C0578047,539,301357006,Frontal sinus pain,603,1
C0578051,590,301361000,Pain of oral cavity structure,425,1
C0578052,331,301362007,Pain of digestive structure,429,1
C0578054,726,301363002,Pain of endocrine structure,572,1
C0578055,477,301365009,Pain of head and neck region,190,3
C0578081,819,301391005,Tenderness of lymphoreticular structure,449,1
C0578082,770,301392003,Tenderness of oral cavity structure,685,1
C0578086,593,301396000,Tenderness of male genitalia,561,1
C0578674,375,302003005,Premenstrual breast tenderness,567,1
C0578675,316,302004004,Thyrotoxic tremor,773,1
C0578750,761,302073009,Tenderness of thyroid,519,1
C0578994,519,302188001,Bad taste in mouth,370,1
C0578994,747,349084003,Unpleasant taste in mouth,370,1
C0581323,36,203509009,Clavicle pain,803,1
C0581326,197,206845005,[D]Clicking thumb (context-dependent category),775,1
C0581326,416,206845005,[D]Clicking thumb (situation),775,1
C0581358,455,196754001,Gastric spasm,227,2
C0581909,540,161818003,Vulval irritation,619,1
C0585540,773,307672008,Oculopalatal myoclonus,337,2
C0585542,486,307674009,Benign paroxysmal positional vertigo nystagmus,116,3
C0585566,535,307698002,Nystagmus signs,209,2
C0585627,740,206772005,[D] Post polio exhaustion,679,1
C0585958,404,308135003,Genital varices in the puerperium,197,2
C0585977,380,308187004,Vaginal varices in the puerperium,783,1
C0586392,493,308909003,Parkinsonian tremor,508,1
C0586738,82,309249007,Calf muscle weakness,794,1
C0587047,585,309524007,Mass of trunk,111,4
C0587050,325,309527000,Mass of lower limb,354,2
C0587242,817,309767001,Pain due to knee joint prosthesis,373,1
C0587243,578,309768006,Pain due to shoulder joint prosthesis,592,1
C0589525,378,207114004,[D]Drug-induced vomiting,707,1
C0677061,228,267981009,Pain in thoracic spine,455,1
C0684219,405,27678003,Myokymia (finding),463,1
C0686344,126,91957002,Back pain complicating pregnancy,678,1
C0686729,657,102481003,Generalized chronic body pains,527,1
C0686765,428,102595002,Unpleasant odor of axilla,734,1
C0686766,201,102596001,Unpleasant odor of genitalia,470,1
C0686768,620,360493007,Abnormal complexion,380,1
C0700200,409,427461000,Near syncope,571,1
C0700590,130,52613005,Excessive sweating,381,1
C0701795,417,267596000,Reaction to spinal or lumbar puncture (disorder),124,3
C0701824,543,78691002,Staggering gait (finding),750,1
C0729341,635,225569001,Painful blind eye,243,2
C0745966,309,449707004,Edema of lower leg,491,1
C0751188,46,230479008,Post dural puncture headache,114,3
C0751191,112,230481005,Idiopathic stabbing headache,624,1
C0751295,407,162199006,Loss of memory,559,1
C0751295,736,162199006,Memory loss symptom,559,1
C0751409,718,249944006,Monoparesis - arm,805,1
C0751460,494,192964002,Flaccid tetraplegia,246,2
C0751495,623,29753000,Partial seizure,10,22
C0751564,168,112108005,Pill rolling,816,1
C0848332,276,285305004,Spots on skin (disorder),245,2
C0869256,322,413343005,Mixed incontinence,738,1
C0917799,251,77692006,Hypersomnia (disorder),40,7
C0917801,215,193462001,Insomnia (disorder),38,7
C0947785,143,158149000,[D]Sleep disturbances (& [hypersomnia] or [insomnia]),817,1
C1260880,341,397746007,Snuffles,134,3
C1260880,448,64531003,Nasal discharge,134,3
C1260880,674,267101005,Nasal discharge present,134,3
C1260922,410,386813002,Abnormal breathing,687,1
C1262535,680,66789005,Hepatocellular jaundice,102,4
C1268591,573,129626006,Quadrantic scotoma,428,1
C1274926,835,403599000,Stinging of skin,436,1
C1277673,811,315592004,Splitting toenail,726,1
C1279511,359,206445003,Malarial pigment deposition,70,5
C1280008,30,241154007,Abdominal angina,137,3
C1280008,237,240342007,Intestinal angina,137,3
C1282194,440,314496008,Contact lens related disorder,193,3
C1282197,48,314499001,Contact lens related red eye,454,1
C1283829,8,361280008,Spasmodic dysmenorrhea,126,3
C1287517,227,365977007,Pattern of fever - finding,569,1
C1288081,470,366563009,Inflammatory testicular mass,323,2
C1290643,344,109597009,Extrinsic staining of teeth associated with inadequate oral hygiene,267,2
C1290644,29,109598004,Extrinsic staining of teeth associated with oral habits,244,2
C1290771,193,109773002,Edema of oral vestibule,80,4
C1301340,442,397320006,Disorder of umbilicus,18,12
C1304408,232,402656007,Urticarial vasculitis (disorder),47,7
C1313952,660,271824009,Respiration intermittent,416,1
C1319537,166,408409007,O/E - right eye background diabetic retinopathy,351,2
C1319538,332,408410002,O/E - left eye background diabetic retinopathy,279,2
C1319539,58,408411003,O/E - right eye preproliferative diabetic retinopathy,184,3
C1319540,10,408412005,O/E - left eye preproliferative diabetic retinopathy,353,2
C1319541,432,408413000,O/E - right eye proliferative diabetic retinopathy,347,2
C1319542,202,408414006,O/E - left eye proliferative diabetic retinopathy,195,2
C1319543,829,408415007,O/E - right eye diabetic maculopathy,301,2
C1319544,370,408416008,O/E - left eye diabetic maculopathy,328,2
C1319587,299,408311002,O/E - retinopathy,269,2
C1319588,41,408312009,O/E - referable retinopathy,638,1
C1319589,203,408313004,O/E - non-referable retinopathy,486,1
C1321324,363,404676002,Bruns nystagmus,166,3
C1321325,495,404677006,Elliptical nystagmus,155,3
C1384488,348,408690005,Restrained respiration,631,1
C1442877,812,279074008,Sore skin (finding),298,2
C1446312,532,413223001,Erythematous mucosa,552,1
C1534486,310,198369007,(Leukorrhea unspecified) or (vaginal discharge NOS),477,1
C1534486,419,198369007,(Leukorrhoea unspecified) or (vaginal discharge NOS),477,1
C1534991,85,196554004,(Sore lip) or (angular stomatitis &/or cheilitis),409,1
C1535347,340,198027001,(Priapism) or (erection - painful),577,1
C1536289,47,139559008,Watering or tearing eyes (& [C/O]),392,1
C1536352,709,157740007,(Bathing cramps - immersion) or (immersion),538,1
C1536397,496,155782005,(Functional constipation) or (impacted faeces),613,1
C1536397,727,155782005,(Functional constipation) or (impacted feces),613,1
C1540714,576,202827007,(Other back symptoms) or (facet joint syndrome),558,1
C1540979,433,156651006,(Backache NOS) or (back pain [& low]),263,2
C1541982,614,206325007,Snuffles (& neonatal snuffles),662,1
C1542154,485,139289002,(Swallowing symptoms) or (dysphagia),743,1
C1562677,132,417633001,Alcohol induced hallucinations,434,1
C1562724,229,417021005,Sclerotomal pain,407,1
C1563338,529,195764003,(Chronic rhinitis) or (catarrh unspecified),627,1
C1565887,564,276549000,Newborn physiological jaundice (disorder),35,8
C1571858,42,192943001,(Spastic hemiplegia) or (spastic foot),622,1
C1571956,133,155145007,(Visual disturbances NOS) or (amblyopia) or (blurred vision),242,2
C1578453,295,202539005,(Other joint symptoms of the pelvic region and thigh) or (hip snapping) or (irritable hip),368,1
C1578670,490,155196009,(Esophoria) or (strabismus NOS) or (ophthalmoplegia NOS),275,2
C1579838,546,162011005,Sore mouth (finding),812,1
C1719454,131,427644005,Bilateral central hearing loss,218,2
C1719857,749,421230000,Hepatomegaly associated with AIDS,300,2
C1720231,385,420801006,Malaise associated with AIDS,202,2
C1720342,832,420900006,Fatigue associated with AIDS,198,2
C1827253,72,423757006,Involuntary truncal rocking,766,1
C1828308,616,422928006,Mucus conjunctival discharge,792,1
C1828409,434,423623006,Mucopurulent conjunctival discharge,544,1
C1956415,609,55442000,Paroxysmal nocturnal dyspnea (finding),593,1
C1960183,391,426628005,Chronic vaginal pain,261,2
C1996961,291,428171009,Pain at rest due to peripheral vascular disease,236,2
C1997818,632,427897002,Rhinitis due to alpha-adrenergic blocking agent,316,2
C2315430,636,430690005,Orthostatic tremor,484,1
C2585575,533,439469002,Recurrent abdominal pain,432,1
C2712367,83,206982000,[D]Other speech disturbance NOS,16,13
C2712367,617,206978002,[D]Other speech disturbance,16,13
C2919320,356,445407005,Chronic tremor,774,1
C2919424,127,445039006,Mass of uterine adnexa,128,3
C2939427,118,17565009,Hypoesthesia of tongue,276,2
C3257803,55,267094008,Has watering eyes,804,1
C3257803,270,420103007,Watery eye,804,1
C3266172,284,449909007,Flaccidity of muscle of lower limb,365,1
C3266173,675,449910002,Flaccidity of muscle of upper limb,761,1
